rouge1,rouge2,rougeL,rougeLsum
0.01952030708130064,0.0,0.019527458407435753,0.01941015206235845
